연번,소속,계급,연령대,성별,종목,기록,등급,측정월
1,본부중대,중위,30-34,남,팔굽혀펴기(회/2분),39,불합격,2026-04
2,본부중대,중위,30-34,남,윗몸일으키기(회/2분),66,1급,2026-04
3,본부중대,중위,30-34,남,3km달리기(초),979,3급,2026-04
4,1대대,하사,25-29,남,팔굽혀펴기(회/2분),61,2급,2026-09
5,1대대,하사,25-29,남,윗몸일으키기(회/2분),30,불합격,2026-09
6,1대대,하사,25-29,남,3km달리기(초),830,1급,2026-09
7,본부중대,상병,40+,남,팔굽혀펴기(회/2분),56,2급,2026-04
8,본부중대,상병,40+,남,윗몸일으키기(회/2분),42,3급,2026-04
9,본부중대,상병,40+,남,3km달리기(초),986,3급,2026-04
10,3대대,소위,35-39,남,팔굽혀펴기(회/2분),56,2급,2026-04
11,3대대,소위,35-39,남,윗몸일으키기(회/2분),38,불합격,2026-04
12,3대대,소위,35-39,남,3km달리기(초),991,3급,2026-04
13,본부중대,중사,30-34,남,팔굽혀펴기(회/2분),56,2급,2026-09
14,본부중대,중사,30-34,남,윗몸일으키기(회/2분),63,2급,2026-09
15,본부중대,중사,30-34,남,3km달리기(초),1008,불합격,2026-09
16,군수지원대,대위,19-24,남,팔굽혀펴기(회/2분),72,1급,2026-09
17,군수지원대,대위,19-24,남,윗몸일으키기(회/2분),63,2급,2026-09
18,군수지원대,대위,19-24,남,3km달리기(초),975,3급,2026-09
19,1대대,상병,19-24,남,팔굽혀펴기(회/2분),78,특급,2026-04
20,1대대,상병,19-24,남,윗몸일으키기(회/2분),77,특급,2026-04
21,1대대,상병,19-24,남,3km달리기(초),916,3급,2026-04
22,3대대,중사,40+,남,팔굽혀펴기(회/2분),45,3급,2026-04
23,3대대,중사,40+,남,윗몸일으키기(회/2분),54,2급,2026-04
24,3대대,중사,40+,남,3km달리기(초),972,3급,2026-04
25,본부중대,중위,25-29,남,팔굽혀펴기(회/2분),56,2급,2026-04
26,본부중대,중위,25-29,남,윗몸일으키기(회/2분),61,2급,2026-04
27,본부중대,중위,25-29,남,3km달리기(초),961,3급,2026-04
28,2대대,하사,35-39,남,팔굽혀펴기(회/2분),28,불합격,2026-04
29,2대대,하사,35-39,남,윗몸일으키기(회/2분),48,3급,2026-04
30,2대대,하사,35-39,남,3km달리기(초),1014,불합격,2026-04
31,1대대,하사,25-29,남,팔굽혀펴기(회/2분),59,2급,2026-09
32,1대대,하사,25-29,남,윗몸일으키기(회/2분),78,특급,2026-09
33,1대대,하사,25-29,남,3km달리기(초),880,2급,2026-09
34,2대대,소위,19-24,여,팔굽혀펴기(회/2분),58,2급,2026-04
35,2대대,소위,19-24,여,윗몸일으키기(회/2분),70,1급,2026-04
36,2대대,소위,19-24,여,3km달리기(초),880,2급,2026-04
37,2대대,중위,25-29,남,팔굽혀펴기(회/2분),71,1급,2026-09
38,2대대,중위,25-29,남,윗몸일으키기(회/2분),70,1급,2026-09
39,2대대,중위,25-29,남,3km달리기(초),992,3급,2026-09
40,3대대,상사,19-24,남,팔굽혀펴기(회/2분),65,1급,2026-05
41,3대대,상사,19-24,남,윗몸일으키기(회/2분),72,1급,2026-05
42,3대대,상사,19-24,남,3km달리기(초),851,2급,2026-05
43,군수지원대,이병,19-24,남,팔굽혀펴기(회/2분),66,1급,2026-04
44,군수지원대,이병,19-24,남,윗몸일으키기(회/2분),84,특급,2026-04
45,군수지원대,이병,19-24,남,3km달리기(초),863,2급,2026-04
46,2대대,중사,35-39,남,팔굽혀펴기(회/2분),57,2급,2026-04
47,2대대,중사,35-39,남,윗몸일으키기(회/2분),50,3급,2026-04
48,2대대,중사,35-39,남,3km달리기(초),1029,불합격,2026-04
49,3대대,병장,35-39,남,팔굽혀펴기(회/2분),53,2급,2026-04
50,3대대,병장,35-39,남,윗몸일으키기(회/2분),52,2급,2026-04
51,3대대,병장,35-39,남,3km달리기(초),970,3급,2026-04
52,본부중대,상병,35-39,여,팔굽혀펴기(회/2분),45,3급,2026-04
53,본부중대,상병,35-39,여,윗몸일으키기(회/2분),45,3급,2026-04
54,본부중대,상병,35-39,여,3km달리기(초),984,3급,2026-04
55,2대대,일병,25-29,남,팔굽혀펴기(회/2분),53,2급,2026-05
56,2대대,일병,25-29,남,윗몸일으키기(회/2분),75,특급,2026-05
57,2대대,일병,25-29,남,3km달리기(초),873,2급,2026-05
58,본부중대,이병,19-24,남,팔굽혀펴기(회/2분),64,1급,2026-04
59,본부중대,이병,19-24,남,윗몸일으키기(회/2분),64,1급,2026-04
60,본부중대,이병,19-24,남,3km달리기(초),894,2급,2026-04
61,군수지원대,상사,19-24,남,팔굽혀펴기(회/2분),89,특급,2026-04
62,군수지원대,상사,19-24,남,윗몸일으키기(회/2분),64,1급,2026-04
63,군수지원대,상사,19-24,남,3km달리기(초),993,3급,2026-04
64,군수지원대,소위,25-29,남,팔굽혀펴기(회/2분),63,2급,2026-09
65,군수지원대,소위,25-29,남,윗몸일으키기(회/2분),82,특급,2026-09
66,군수지원대,소위,25-29,남,3km달리기(초),924,3급,2026-09
67,본부중대,중사,19-24,남,팔굽혀펴기(회/2분),60,2급,2026-04
68,본부중대,중사,19-24,남,윗몸일으키기(회/2분),47,3급,2026-04
69,본부중대,중사,19-24,남,3km달리기(초),819,1급,2026-04
70,2대대,일병,19-24,남,팔굽혀펴기(회/2분),60,2급,2026-04
71,2대대,일병,19-24,남,윗몸일으키기(회/2분),67,1급,2026-04
72,2대대,일병,19-24,남,3km달리기(초),762,특급,2026-04
73,3대대,중사,30-34,여,팔굽혀펴기(회/2분),57,2급,2026-04
74,3대대,중사,30-34,여,윗몸일으키기(회/2분),82,특급,2026-04
75,3대대,중사,30-34,여,3km달리기(초),936,3급,2026-04
76,1대대,상사,30-34,남,팔굽혀펴기(회/2분),33,불합격,2026-05
77,1대대,상사,30-34,남,윗몸일으키기(회/2분),53,2급,2026-05
78,1대대,상사,30-34,남,3km달리기(초),897,2급,2026-05
79,본부중대,하사,35-39,남,팔굽혀펴기(회/2분),62,2급,2026-04
80,본부중대,하사,35-39,남,윗몸일으키기(회/2분),56,2급,2026-04
81,본부중대,하사,35-39,남,3km달리기(초),1004,불합격,2026-04
82,1대대,소위,30-34,남,팔굽혀펴기(회/2분),50,3급,2026-05
83,1대대,소위,30-34,남,윗몸일으키기(회/2분),64,1급,2026-05
84,1대대,소위,30-34,남,3km달리기(초),981,3급,2026-05
85,1대대,하사,25-29,여,팔굽혀펴기(회/2분),73,1급,2026-05
86,1대대,하사,25-29,여,윗몸일으키기(회/2분),89,특급,2026-05
87,1대대,하사,25-29,여,3km달리기(초),919,3급,2026-05
88,군수지원대,중사,25-29,남,팔굽혀펴기(회/2분),39,불합격,2026-04
89,군수지원대,중사,25-29,남,윗몸일으키기(회/2분),55,2급,2026-04
90,군수지원대,중사,25-29,남,3km달리기(초),989,3급,2026-04
91,1대대,대위,19-24,남,팔굽혀펴기(회/2분),69,1급,2026-04
92,1대대,대위,19-24,남,윗몸일으키기(회/2분),53,2급,2026-04
93,1대대,대위,19-24,남,3km달리기(초),952,3급,2026-04
94,1대대,이병,19-24,남,팔굽혀펴기(회/2분),75,특급,2026-04
95,1대대,이병,19-24,남,윗몸일으키기(회/2분),60,2급,2026-04
96,1대대,이병,19-24,남,3km달리기(초),985,3급,2026-04
97,군수지원대,중사,19-24,남,팔굽혀펴기(회/2분),66,1급,2026-04
98,군수지원대,중사,19-24,남,윗몸일으키기(회/2분),71,1급,2026-04
99,군수지원대,중사,19-24,남,3km달리기(초),859,2급,2026-04
100,1대대,상병,35-39,남,팔굽혀펴기(회/2분),59,2급,2026-04
101,1대대,상병,35-39,남,윗몸일으키기(회/2분),70,1급,2026-04
102,1대대,상병,35-39,남,3km달리기(초),1003,불합격,2026-04
103,군수지원대,이병,30-34,여,팔굽혀펴기(회/2분),29,불합격,2026-04
104,군수지원대,이병,30-34,여,윗몸일으키기(회/2분),34,불합격,2026-04
105,군수지원대,이병,30-34,여,3km달리기(초),937,3급,2026-04
106,본부중대,상사,30-34,여,팔굽혀펴기(회/2분),63,2급,2026-09
107,본부중대,상사,30-34,여,윗몸일으키기(회/2분),89,특급,2026-09
108,본부중대,상사,30-34,여,3km달리기(초),871,2급,2026-09
109,군수지원대,상사,35-39,남,팔굽혀펴기(회/2분),52,2급,2026-04
110,군수지원대,상사,35-39,남,윗몸일으키기(회/2분),49,3급,2026-04
111,군수지원대,상사,35-39,남,3km달리기(초),931,3급,2026-04
112,본부중대,이병,35-39,남,팔굽혀펴기(회/2분),44,3급,2026-09
113,본부중대,이병,35-39,남,윗몸일으키기(회/2분),67,1급,2026-09
114,본부중대,이병,35-39,남,3km달리기(초),998,3급,2026-09
115,본부중대,중위,19-24,남,팔굽혀펴기(회/2분),36,불합격,2026-04
116,본부중대,중위,19-24,남,윗몸일으키기(회/2분),51,3급,2026-04
117,본부중대,중위,19-24,남,3km달리기(초),794,1급,2026-04
118,본부중대,일병,35-39,남,팔굽혀펴기(회/2분),46,3급,2026-04
119,본부중대,일병,35-39,남,윗몸일으키기(회/2분),59,2급,2026-04
120,본부중대,일병,35-39,남,3km달리기(초),1005,불합격,2026-04
121,군수지원대,이병,19-24,남,팔굽혀펴기(회/2분),52,2급,2026-05
122,군수지원대,이병,19-24,남,윗몸일으키기(회/2분),54,2급,2026-05
123,군수지원대,이병,19-24,남,3km달리기(초),874,2급,2026-05
124,군수지원대,상병,19-24,남,팔굽혀펴기(회/2분),82,특급,2026-04
125,군수지원대,상병,19-24,남,윗몸일으키기(회/2분),53,2급,2026-04
126,군수지원대,상병,19-24,남,3km달리기(초),957,3급,2026-04
127,2대대,상병,19-24,남,팔굽혀펴기(회/2분),63,2급,2026-04
128,2대대,상병,19-24,남,윗몸일으키기(회/2분),54,2급,2026-04
129,2대대,상병,19-24,남,3km달리기(초),923,3급,2026-04
130,1대대,소위,40+,여,팔굽혀펴기(회/2분),48,3급,2026-05
131,1대대,소위,40+,여,윗몸일으키기(회/2분),39,불합격,2026-05
132,1대대,소위,40+,여,3km달리기(초),1068,불합격,2026-05
133,군수지원대,상사,25-29,남,팔굽혀펴기(회/2분),65,1급,2026-09
134,군수지원대,상사,25-29,남,윗몸일으키기(회/2분),70,1급,2026-09
135,군수지원대,상사,25-29,남,3km달리기(초),889,2급,2026-09
136,1대대,상사,25-29,남,팔굽혀펴기(회/2분),75,특급,2026-09
137,1대대,상사,25-29,남,윗몸일으키기(회/2분),58,2급,2026-09
138,1대대,상사,25-29,남,3km달리기(초),850,2급,2026-09
139,본부중대,상병,30-34,남,팔굽혀펴기(회/2분),58,2급,2026-09
140,본부중대,상병,30-34,남,윗몸일으키기(회/2분),67,1급,2026-09
141,본부중대,상병,30-34,남,3km달리기(초),961,3급,2026-09
142,군수지원대,중사,30-34,남,팔굽혀펴기(회/2분),77,특급,2026-04
143,군수지원대,중사,30-34,남,윗몸일으키기(회/2분),68,1급,2026-04
144,군수지원대,중사,30-34,남,3km달리기(초),909,3급,2026-04
145,3대대,대위,35-39,남,팔굽혀펴기(회/2분),41,3급,2026-04
146,3대대,대위,35-39,남,윗몸일으키기(회/2분),61,2급,2026-04
147,3대대,대위,35-39,남,3km달리기(초),1030,불합격,2026-04
148,1대대,상사,19-24,남,팔굽혀펴기(회/2분),61,2급,2026-04
149,1대대,상사,19-24,남,윗몸일으키기(회/2분),65,1급,2026-04
150,1대대,상사,19-24,남,3km달리기(초),1099,불합격,2026-04
151,본부중대,상병,19-24,남,팔굽혀펴기(회/2분),49,3급,2026-04
152,본부중대,상병,19-24,남,윗몸일으키기(회/2분),60,2급,2026-04
153,본부중대,상병,19-24,남,3km달리기(초),700,특급,2026-04
154,본부중대,중위,35-39,남,팔굽혀펴기(회/2분),58,2급,2026-09
155,본부중대,중위,35-39,남,윗몸일으키기(회/2분),25,불합격,2026-09
156,본부중대,중위,35-39,남,3km달리기(초),1094,불합격,2026-09
157,1대대,병장,25-29,남,팔굽혀펴기(회/2분),59,2급,2026-05
158,1대대,병장,25-29,남,윗몸일으키기(회/2분),68,1급,2026-05
159,1대대,병장,25-29,남,3km달리기(초),1083,불합격,2026-05
160,2대대,중사,19-24,남,팔굽혀펴기(회/2분),87,특급,2026-04
161,2대대,중사,19-24,남,윗몸일으키기(회/2분),60,2급,2026-04
162,2대대,중사,19-24,남,3km달리기(초),887,2급,2026-04
163,군수지원대,중사,40+,남,팔굽혀펴기(회/2분),39,불합격,2026-04
164,군수지원대,중사,40+,남,윗몸일으키기(회/2분),47,3급,2026-04
165,군수지원대,중사,40+,남,3km달리기(초),1191,불합격,2026-04
166,2대대,중사,35-39,남,팔굽혀펴기(회/2분),55,2급,2026-04
167,2대대,중사,35-39,남,윗몸일으키기(회/2분),44,3급,2026-04
168,2대대,중사,35-39,남,3km달리기(초),997,3급,2026-04
169,본부중대,일병,30-34,남,팔굽혀펴기(회/2분),76,특급,2026-04
170,본부중대,일병,30-34,남,윗몸일으키기(회/2분),73,1급,2026-04
171,본부중대,일병,30-34,남,3km달리기(초),995,3급,2026-04
172,1대대,하사,40+,남,팔굽혀펴기(회/2분),55,2급,2026-09
173,1대대,하사,40+,남,윗몸일으키기(회/2분),28,불합격,2026-09
174,1대대,하사,40+,남,3km달리기(초),965,3급,2026-09
175,2대대,일병,35-39,남,팔굽혀펴기(회/2분),67,1급,2026-05
176,2대대,일병,35-39,남,윗몸일으키기(회/2분),56,2급,2026-05
177,2대대,일병,35-39,남,3km달리기(초),997,3급,2026-05
178,본부중대,상병,19-24,남,팔굽혀펴기(회/2분),45,3급,2026-04
179,본부중대,상병,19-24,남,윗몸일으키기(회/2분),61,2급,2026-04
180,본부중대,상병,19-24,남,3km달리기(초),971,3급,2026-04
181,본부중대,상병,25-29,남,팔굽혀펴기(회/2분),69,1급,2026-04
182,본부중대,상병,25-29,남,윗몸일으키기(회/2분),51,3급,2026-04
183,본부중대,상병,25-29,남,3km달리기(초),1032,불합격,2026-04
184,군수지원대,상병,40+,남,팔굽혀펴기(회/2분),43,3급,2026-04
185,군수지원대,상병,40+,남,윗몸일으키기(회/2분),38,불합격,2026-04
186,군수지원대,상병,40+,남,3km달리기(초),961,3급,2026-04
187,1대대,상병,35-39,남,팔굽혀펴기(회/2분),54,2급,2026-05
188,1대대,상병,35-39,남,윗몸일으키기(회/2분),72,1급,2026-05
189,1대대,상병,35-39,남,3km달리기(초),1007,불합격,2026-05
190,2대대,병장,25-29,여,팔굽혀펴기(회/2분),73,1급,2026-05
191,2대대,병장,25-29,여,윗몸일으키기(회/2분),66,1급,2026-05
192,2대대,병장,25-29,여,3km달리기(초),788,1급,2026-05
193,1대대,소위,30-34,남,팔굽혀펴기(회/2분),29,불합격,2026-05
194,1대대,소위,30-34,남,윗몸일으키기(회/2분),59,2급,2026-05
195,1대대,소위,30-34,남,3km달리기(초),1002,불합격,2026-05
196,본부중대,대위,30-34,남,팔굽혀펴기(회/2분),58,2급,2026-04
197,본부중대,대위,30-34,남,윗몸일으키기(회/2분),55,2급,2026-04
198,본부중대,대위,30-34,남,3km달리기(초),852,2급,2026-04
199,본부중대,상사,19-24,남,팔굽혀펴기(회/2분),57,2급,2026-05
200,본부중대,상사,19-24,남,윗몸일으키기(회/2분),84,특급,2026-05
201,본부중대,상사,19-24,남,3km달리기(초),887,2급,2026-05
202,본부중대,소위,19-24,여,팔굽혀펴기(회/2분),72,1급,2026-04
203,본부중대,소위,19-24,여,윗몸일으키기(회/2분),85,특급,2026-04
204,본부중대,소위,19-24,여,3km달리기(초),1072,불합격,2026-04
205,1대대,하사,25-29,남,팔굽혀펴기(회/2분),51,3급,2026-05
206,1대대,하사,25-29,남,윗몸일으키기(회/2분),69,1급,2026-05
207,1대대,하사,25-29,남,3km달리기(초),855,2급,2026-05
208,1대대,소위,40+,여,팔굽혀펴기(회/2분),47,3급,2026-09
209,1대대,소위,40+,여,윗몸일으키기(회/2분),55,2급,2026-09
210,1대대,소위,40+,여,3km달리기(초),1020,불합격,2026-09
211,1대대,이병,30-34,여,팔굽혀펴기(회/2분),67,1급,2026-04
212,1대대,이병,30-34,여,윗몸일으키기(회/2분),33,불합격,2026-04
213,1대대,이병,30-34,여,3km달리기(초),903,3급,2026-04
214,군수지원대,일병,30-34,남,팔굽혀펴기(회/2분),48,3급,2026-04
215,군수지원대,일병,30-34,남,윗몸일으키기(회/2분),68,1급,2026-04
216,군수지원대,일병,30-34,남,3km달리기(초),962,3급,2026-04
217,3대대,상사,30-34,여,팔굽혀펴기(회/2분),77,특급,2026-09
218,3대대,상사,30-34,여,윗몸일으키기(회/2분),37,불합격,2026-09
219,3대대,상사,30-34,여,3km달리기(초),898,2급,2026-09
220,3대대,병장,35-39,남,팔굽혀펴기(회/2분),44,3급,2026-04
221,3대대,병장,35-39,남,윗몸일으키기(회/2분),33,불합격,2026-04
222,3대대,병장,35-39,남,3km달리기(초),972,3급,2026-04
223,2대대,소위,25-29,남,팔굽혀펴기(회/2분),70,1급,2026-05
224,2대대,소위,25-29,남,윗몸일으키기(회/2분),66,1급,2026-05
225,2대대,소위,25-29,남,3km달리기(초),782,1급,2026-05
226,1대대,소위,35-39,남,팔굽혀펴기(회/2분),55,2급,2026-04
227,1대대,소위,35-39,남,윗몸일으키기(회/2분),38,불합격,2026-04
228,1대대,소위,35-39,남,3km달리기(초),934,3급,2026-04
229,군수지원대,병장,19-24,남,팔굽혀펴기(회/2분),70,1급,2026-04
230,군수지원대,병장,19-24,남,윗몸일으키기(회/2분),70,1급,2026-04
231,군수지원대,병장,19-24,남,3km달리기(초),848,2급,2026-04
232,군수지원대,일병,25-29,남,팔굽혀펴기(회/2분),48,3급,2026-05
233,군수지원대,일병,25-29,남,윗몸일으키기(회/2분),32,불합격,2026-05
234,군수지원대,일병,25-29,남,3km달리기(초),810,1급,2026-05
235,2대대,하사,19-24,남,팔굽혀펴기(회/2분),50,3급,2026-09
236,2대대,하사,19-24,남,윗몸일으키기(회/2분),85,특급,2026-09
237,2대대,하사,19-24,남,3km달리기(초),853,2급,2026-09
238,1대대,일병,35-39,여,팔굽혀펴기(회/2분),58,2급,2026-09
239,1대대,일병,35-39,여,윗몸일으키기(회/2분),58,2급,2026-09
240,1대대,일병,35-39,여,3km달리기(초),1028,불합격,2026-09
241,2대대,이병,35-39,여,팔굽혀펴기(회/2분),49,3급,2026-05
242,2대대,이병,35-39,여,윗몸일으키기(회/2분),44,3급,2026-05
243,2대대,이병,35-39,여,3km달리기(초),925,3급,2026-05
244,1대대,중사,35-39,남,팔굽혀펴기(회/2분),61,2급,2026-09
245,1대대,중사,35-39,남,윗몸일으키기(회/2분),58,2급,2026-09
246,1대대,중사,35-39,남,3km달리기(초),969,3급,2026-09
247,군수지원대,하사,19-24,남,팔굽혀펴기(회/2분),64,1급,2026-04
248,군수지원대,하사,19-24,남,윗몸일으키기(회/2분),77,특급,2026-04
249,군수지원대,하사,19-24,남,3km달리기(초),852,2급,2026-04
250,2대대,이병,25-29,남,팔굽혀펴기(회/2분),49,3급,2026-04
251,2대대,이병,25-29,남,윗몸일으키기(회/2분),42,3급,2026-04
252,2대대,이병,25-29,남,3km달리기(초),873,2급,2026-04
253,3대대,중사,19-24,남,팔굽혀펴기(회/2분),62,2급,2026-05
254,3대대,중사,19-24,남,윗몸일으키기(회/2분),68,1급,2026-05
255,3대대,중사,19-24,남,3km달리기(초),886,2급,2026-05
256,본부중대,중사,25-29,남,팔굽혀펴기(회/2분),69,1급,2026-05
257,본부중대,중사,25-29,남,윗몸일으키기(회/2분),61,2급,2026-05
258,본부중대,중사,25-29,남,3km달리기(초),922,3급,2026-05
259,3대대,일병,25-29,남,팔굽혀펴기(회/2분),43,3급,2026-04
260,3대대,일병,25-29,남,윗몸일으키기(회/2분),64,1급,2026-04
261,3대대,일병,25-29,남,3km달리기(초),873,2급,2026-04
262,2대대,하사,30-34,남,팔굽혀펴기(회/2분),75,특급,2026-09
263,2대대,하사,30-34,남,윗몸일으키기(회/2분),77,특급,2026-09
264,2대대,하사,30-34,남,3km달리기(초),1014,불합격,2026-09
265,군수지원대,중위,19-24,남,팔굽혀펴기(회/2분),50,3급,2026-04
266,군수지원대,중위,19-24,남,윗몸일으키기(회/2분),90,특급,2026-04
267,군수지원대,중위,19-24,남,3km달리기(초),806,1급,2026-04
268,군수지원대,병장,35-39,여,팔굽혀펴기(회/2분),47,3급,2026-09
269,군수지원대,병장,35-39,여,윗몸일으키기(회/2분),45,3급,2026-09
270,군수지원대,병장,35-39,여,3km달리기(초),897,2급,2026-09
271,1대대,소위,25-29,남,팔굽혀펴기(회/2분),71,1급,2026-09
272,1대대,소위,25-29,남,윗몸일으키기(회/2분),90,특급,2026-09
273,1대대,소위,25-29,남,3km달리기(초),969,3급,2026-09
274,3대대,하사,25-29,여,팔굽혀펴기(회/2분),38,불합격,2026-09
275,3대대,하사,25-29,여,윗몸일으키기(회/2분),65,1급,2026-09
276,3대대,하사,25-29,여,3km달리기(초),909,3급,2026-09
277,본부중대,일병,25-29,남,팔굽혀펴기(회/2분),65,1급,2026-05
278,본부중대,일병,25-29,남,윗몸일으키기(회/2분),71,1급,2026-05
279,본부중대,일병,25-29,남,3km달리기(초),866,2급,2026-05
280,3대대,상사,19-24,남,팔굽혀펴기(회/2분),59,2급,2026-09
281,3대대,상사,19-24,남,윗몸일으키기(회/2분),62,2급,2026-09
282,3대대,상사,19-24,남,3km달리기(초),1031,불합격,2026-09
283,1대대,병장,25-29,남,팔굽혀펴기(회/2분),77,특급,2026-09
284,1대대,병장,25-29,남,윗몸일으키기(회/2분),51,3급,2026-09
285,1대대,병장,25-29,남,3km달리기(초),1022,불합격,2026-09
286,본부중대,병장,35-39,남,팔굽혀펴기(회/2분),51,3급,2026-09
287,본부중대,병장,35-39,남,윗몸일으키기(회/2분),57,2급,2026-09
288,본부중대,병장,35-39,남,3km달리기(초),892,2급,2026-09
289,2대대,상병,25-29,남,팔굽혀펴기(회/2분),57,2급,2026-04
290,2대대,상병,25-29,남,윗몸일으키기(회/2분),81,특급,2026-04
291,2대대,상병,25-29,남,3km달리기(초),797,1급,2026-04
292,3대대,일병,30-34,남,팔굽혀펴기(회/2분),42,3급,2026-04
293,3대대,일병,30-34,남,윗몸일으키기(회/2분),46,3급,2026-04
294,3대대,일병,30-34,남,3km달리기(초),967,3급,2026-04
295,본부중대,이병,19-24,남,팔굽혀펴기(회/2분),32,불합격,2026-05
296,본부중대,이병,19-24,남,윗몸일으키기(회/2분),46,3급,2026-05
297,본부중대,이병,19-24,남,3km달리기(초),963,3급,2026-05
298,1대대,일병,19-24,남,팔굽혀펴기(회/2분),74,1급,2026-04
299,1대대,일병,19-24,남,윗몸일으키기(회/2분),69,1급,2026-04
300,1대대,일병,19-24,남,3km달리기(초),822,1급,2026-04
301,2대대,소위,19-24,남,팔굽혀펴기(회/2분),66,1급,2026-05
302,2대대,소위,19-24,남,윗몸일으키기(회/2분),80,특급,2026-05
303,2대대,소위,19-24,남,3km달리기(초),865,2급,2026-05
304,군수지원대,상사,25-29,남,팔굽혀펴기(회/2분),33,불합격,2026-05
305,군수지원대,상사,25-29,남,윗몸일으키기(회/2분),59,2급,2026-05
306,군수지원대,상사,25-29,남,3km달리기(초),782,1급,2026-05
307,군수지원대,일병,19-24,남,팔굽혀펴기(회/2분),70,1급,2026-04
308,군수지원대,일병,19-24,남,윗몸일으키기(회/2분),64,1급,2026-04
309,군수지원대,일병,19-24,남,3km달리기(초),842,2급,2026-04
310,2대대,상병,30-34,남,팔굽혀펴기(회/2분),45,3급,2026-09
311,2대대,상병,30-34,남,윗몸일으키기(회/2분),59,2급,2026-09
312,2대대,상병,30-34,남,3km달리기(초),980,3급,2026-09
313,1대대,상사,19-24,남,팔굽혀펴기(회/2분),48,3급,2026-04
314,1대대,상사,19-24,남,윗몸일으키기(회/2분),54,2급,2026-04
315,1대대,상사,19-24,남,3km달리기(초),1100,불합격,2026-04
316,1대대,이병,19-24,여,팔굽혀펴기(회/2분),35,불합격,2026-04
317,1대대,이병,19-24,여,윗몸일으키기(회/2분),73,1급,2026-04
318,1대대,이병,19-24,여,3km달리기(초),837,1급,2026-04
319,군수지원대,소위,35-39,남,팔굽혀펴기(회/2분),52,2급,2026-09
320,군수지원대,소위,35-39,남,윗몸일으키기(회/2분),73,1급,2026-09
321,군수지원대,소위,35-39,남,3km달리기(초),1020,불합격,2026-09
322,3대대,소위,30-34,남,팔굽혀펴기(회/2분),39,불합격,2026-04
323,3대대,소위,30-34,남,윗몸일으키기(회/2분),66,1급,2026-04
324,3대대,소위,30-34,남,3km달리기(초),891,2급,2026-04
325,본부중대,소위,25-29,남,팔굽혀펴기(회/2분),63,2급,2026-04
326,본부중대,소위,25-29,남,윗몸일으키기(회/2분),67,1급,2026-04
327,본부중대,소위,25-29,남,3km달리기(초),777,특급,2026-04
328,군수지원대,하사,35-39,남,팔굽혀펴기(회/2분),29,불합격,2026-05
329,군수지원대,하사,35-39,남,윗몸일으키기(회/2분),40,3급,2026-05
330,군수지원대,하사,35-39,남,3km달리기(초),1063,불합격,2026-05
331,본부중대,병장,25-29,여,팔굽혀펴기(회/2분),67,1급,2026-09
332,본부중대,병장,25-29,여,윗몸일으키기(회/2분),56,2급,2026-09
333,본부중대,병장,25-29,여,3km달리기(초),1020,불합격,2026-09
334,본부중대,대위,40+,남,팔굽혀펴기(회/2분),47,3급,2026-04
335,본부중대,대위,40+,남,윗몸일으키기(회/2분),45,3급,2026-04
336,본부중대,대위,40+,남,3km달리기(초),1063,불합격,2026-04
337,군수지원대,일병,19-24,남,팔굽혀펴기(회/2분),59,2급,2026-09
338,군수지원대,일병,19-24,남,윗몸일으키기(회/2분),77,특급,2026-09
339,군수지원대,일병,19-24,남,3km달리기(초),906,3급,2026-09
340,1대대,중사,19-24,남,팔굽혀펴기(회/2분),65,1급,2026-09
341,1대대,중사,19-24,남,윗몸일으키기(회/2분),67,1급,2026-09
342,1대대,중사,19-24,남,3km달리기(초),816,1급,2026-09
343,3대대,대위,19-24,남,팔굽혀펴기(회/2분),55,2급,2026-05
344,3대대,대위,19-24,남,윗몸일으키기(회/2분),71,1급,2026-05
345,3대대,대위,19-24,남,3km달리기(초),844,2급,2026-05
346,3대대,중사,35-39,남,팔굽혀펴기(회/2분),51,3급,2026-05
347,3대대,중사,35-39,남,윗몸일으키기(회/2분),66,1급,2026-05
348,3대대,중사,35-39,남,3km달리기(초),1094,불합격,2026-05
349,본부중대,소위,25-29,남,팔굽혀펴기(회/2분),61,2급,2026-09
350,본부중대,소위,25-29,남,윗몸일으키기(회/2분),64,1급,2026-09
351,본부중대,소위,25-29,남,3km달리기(초),852,2급,2026-09
352,본부중대,상병,30-34,남,팔굽혀펴기(회/2분),52,2급,2026-05
353,본부중대,상병,30-34,남,윗몸일으키기(회/2분),78,특급,2026-05
354,본부중대,상병,30-34,남,3km달리기(초),984,3급,2026-05
355,군수지원대,상사,19-24,남,팔굽혀펴기(회/2분),73,1급,2026-09
356,군수지원대,상사,19-24,남,윗몸일으키기(회/2분),64,1급,2026-09
357,군수지원대,상사,19-24,남,3km달리기(초),884,2급,2026-09
358,본부중대,이병,30-34,남,팔굽혀펴기(회/2분),63,2급,2026-05
359,본부중대,이병,30-34,남,윗몸일으키기(회/2분),61,2급,2026-05
360,본부중대,이병,30-34,남,3km달리기(초),982,3급,2026-05
